feature,mean_abs_shap
dmn_mean_connectivity,0.03778317493955323
hjorth_mobility_POO9h,0.03231184752840373
spectral_entropy_T7,0.030697170988672005
hjorth_complexity_T7,0.030441497646005733
hjorth_complexity_AF8,0.030041847696937598
alpha_peak_freq_std,0.02990155632176408
alpha_coherence_T7_O1,0.027994571820521202
hjorth_complexity_P9,0.02759455633348823
hjorth_complexity_FCC5h,0.02597315520020594
hjorth_complexity_POO9h,0.025736465442024327
hjorth_complexity_T8,0.024952931334731445
hjorth_complexity_AFp2,0.02494961371856504
hjorth_complexity_TP9,0.024004556843084134
spectral_entropy_FC5,0.02394731917746587
spectral_entropy_FTT7h,0.02243910806946211
hjorth_mobility_T7,0.021363144113940923
hjorth_complexity_TP8,0.02112441412500895
spectral_entropy_O10,0.02067969301011042
hjorth_mobility_FC5,0.020379003960617446
hjorth_mobility_AFz,0.020024506538690943
hjorth_complexity_FTT9h,0.019841567495093
hjorth_complexity_AFF5h,0.019832762134348012
spectral_entropy_OI2h,0.019755942368461704
alpha_coherence_F3_P3,0.019378675898549524
hjorth_complexity_F1,0.019148625146120563
alpha_peak_freq_mean,0.01848781109333149
spectral_entropy_Fp2,0.0180911408481623
spectral_entropy_AFp2,0.017887141387959913
hjorth_complexity_FC2,0.017868941231470013
hjorth_mobility_P8,0.01782602576069526
hjorth_complexity_F4,0.017561463517860264
spectral_entropy_AF4,0.01745999376080946
spectral_entropy_CP4,0.01745816747045215
dmn_std_connectivity,0.017415740046839524
hjorth_complexity_P8,0.01735535871987994
hjorth_complexity_FC5,0.017322442190603915
spectral_entropy_CPP6h,0.017182855875503306
hjorth_mobility_CCP1h,0.017159559399065934
global_mean_connectivity,0.017155740568031683
hjorth_complexity_FT7,0.01710726132562153
hjorth_complexity_PO9,0.01685697723258819
hjorth_complexity_CPP6h,0.016819555019064746
hjorth_complexity_FT9,0.016660396551827533
hjorth_mobility_F9,0.0164529082337343
hjorth_complexity_Pz,0.01638941925386292
hjorth_mobility_TP9,0.016362456867034886
hjorth_complexity_TP7,0.016359510173209555
hjorth_complexity_PO8,0.016349537620195555
hjorth_mobility_FCC5h,0.01618641269145862
spectral_entropy_C6,0.016067177215201834
spectral_entropy_AF7,0.01598756626013132
spectral_entropy_F9,0.015908449893042274
dmn_min_connectivity,0.01587400484869085
hjorth_complexity_P1,0.015873962730174218
spectral_entropy_O1,0.015808276493125748
hjorth_complexity_FFC5h,0.01580617436330909
hjorth_mobility_OI1h,0.015620099743685386
hjorth_complexity_FTT8h,0.015597472725190768
alpha_coherence_F4_P4,0.015566897832677954
hjorth_complexity_FFT7h,0.015379277974386811
hjorth_complexity_PPO9h,0.015283743684225085
alpha_theta_ratio_CP6,0.015251528869328866
hjorth_complexity_Fp1,0.01509884688169035
spectral_entropy_AFF6h,0.015053408880856423
alpha_theta_ratio_P7,0.014868607056825285
hjorth_mobility_PO9,0.014824330407772894
hjorth_mobility_CCP3h,0.014790041035142741
hjorth_mobility_AFp1,0.014718359677868173
spectral_entropy_PPO9h,0.014540604291501608
hjorth_complexity_PO10,0.014510241981417015
hjorth_complexity_AFz,0.0144760103281061
hjorth_complexity_O9,0.014467958373576692
hjorth_mobility_CPP6h,0.014456827765104334
alpha_theta_ratio_TP9,0.014408545513763334
hjorth_complexity_AF7,0.014333166131815248
spectral_entropy_CP5,0.014329674526228318
hjorth_mobility_FTT8h,0.014277687861069123
hjorth_mobility_TTP7h,0.014193696512662717
hjorth_complexity_PPO6h,0.014181864827240657
spectral_entropy_AFp1,0.014174835656762275
hjorth_mobility_C6,0.014155008817195487
hjorth_complexity_FFC4h,0.01410589530662523
hjorth_complexity_CPP2h,0.01406782465032089
hjorth_complexity_FFC6h,0.013984672763918593
alpha_theta_ratio_CCP6h,0.013879331102379426
hjorth_mobility_CCP5h,0.013793440299216808
hjorth_mobility_FTT7h,0.013790123729445028
alpha_coherence_P3_P4,0.013748564041985675
spectral_entropy_FFC2h,0.01361271487055022
spectral_entropy_FFT9h,0.013526935082335517
hjorth_complexity_Fp2,0.013349798473384899
alpha_theta_ratio_P5,0.013281600258820775
alpha_theta_ratio_C6,0.013202190025202521
hjorth_complexity_P4,0.013161802086147421
hjorth_mobility_CCP2h,0.013152702268971899
alpha_coherence_T8_O2,0.012900777262319809
alpha_theta_ratio_CPP5h,0.012817062167729673
alpha_theta_ratio_Oz,0.012813351710028856
spectral_entropy_F2,0.012760596665525748
hjorth_mobility_CPP4h,0.012757824316907931
hjorth_complexity_OI2h,0.012724759575970265
hjorth_mobility_AF7,0.012716392914335213
hjorth_mobility_F6,0.012709714096994526
hjorth_mobility_FTT10h,0.01268965663026904
spectral_entropy_P8,0.012326840338998146
spectral_entropy_CPP3h,0.012202526800174932
hjorth_mobility_TP7,0.012195003541056345
hjorth_mobility_FC1,0.012123053045315198
hjorth_complexity_FTT7h,0.012120483890513626
spectral_entropy_O9,0.012115792608433734
hjorth_complexity_CCP5h,0.011995952373344594
hjorth_complexity_C5,0.011973063387116848
spectral_entropy_AFz,0.011831805704883822
spectral_entropy_P10,0.011690673126266928
hjorth_complexity_TPP10h,0.011646721992964406
hjorth_complexity_FTT10h,0.011596901027831593
hjorth_complexity_FCC4h,0.011515156253186122
spectral_entropy_PO7,0.011479605301517325
hjorth_complexity_C4,0.01146087527005528
alpha_theta_ratio_TPP7h,0.011429267102647528
hjorth_mobility_T8,0.01134533056354522
hjorth_complexity_P7,0.011239158543230333
hjorth_complexity_C3,0.011231610607651049
spectral_entropy_CPP1h,0.011229147864653996
hjorth_complexity_CCP6h,0.011193274261599261
hjorth_complexity_CCP1h,0.011182152162813954
spectral_entropy_Pz,0.01114001260547114
alpha_theta_ratio_OI1h,0.011131576507815107
hjorth_complexity_PPO5h,0.011122777456264148
spectral_entropy_AF8,0.011111121359035457
hjorth_mobility_TP10,0.011084520635894272
spectral_entropy_POO10h,0.010953956931240204
hjorth_complexity_CP6,0.010860318819415534
alpha_theta_ratio_TP10,0.010805165604180501
hjorth_complexity_P10,0.010741706424649911
hjorth_mobility_F1,0.010741104677275471
spectral_entropy_FCC5h,0.010733338000439983
spectral_entropy_POz,0.010704120688438087
spectral_entropy_C3,0.010671823818240474
spectral_entropy_PPO5h,0.010659253911899078
alpha_theta_ratio_TPP10h,0.01059875398489624
alpha_theta_ratio_PPO5h,0.01058079230943484
hjorth_complexity_FFC3h,0.010572931661453568
hjorth_mobility_C3,0.01057160336121259
alpha_theta_ratio_PO7,0.010541025310229117
hjorth_mobility_FC3,0.01052939310206087
hjorth_mobility_FCC2h,0.010511858015730898
hjorth_complexity_AF3,0.010424269513293033
spectral_entropy_CCP2h,0.010405417176377663
hjorth_mobility_FCC3h,0.010273833051066581
spectral_entropy_FTT8h,0.010263359608486065
spectral_entropy_F4,0.010251304135256137
spectral_entropy_OI1h,0.010238284424316286
spectral_entropy_PPO2h,0.010141642348224886
spectral_entropy_PPO10h,0.010129511783898034
spectral_entropy_F8,0.01012577082437349
spectral_entropy_CPP4h,0.010108915127900488
hjorth_complexity_P6,0.010028526941301604
hjorth_complexity_CP5,0.009951535240641284
spectral_entropy_F7,0.009941969354366018
hjorth_mobility_POO10h,0.0099337567894367
hjorth_complexity_PPO2h,0.009898378297216816
hjorth_complexity_O1,0.009870549002591208
hjorth_mobility_Pz,0.009864235128146452
hjorth_complexity_Cz,0.00981804810664416
spectral_entropy_T8,0.009799093116934245
hjorth_mobility_POO2,0.009755851882531308
hjorth_complexity_PPO1h,0.009727989819980411
alpha_theta_ratio_O9,0.009693608919945633
spectral_entropy_FT10,0.009678668770395478
hjorth_complexity_AFp1,0.009674326045706642
hjorth_mobility_CP4,0.009649183490844327
alpha_theta_ratio_FT10,0.009632408116457254
hjorth_mobility_O10,0.009597037485247177
hjorth_complexity_O10,0.009580409883553128
spectral_entropy_O2,0.009565477053034323
hjorth_mobility_PO3,0.00951519325035155
hjorth_complexity_POz,0.00946327120224555
hjorth_mobility_C5,0.009452561334992886
hjorth_complexity_POO10h,0.009447613031427512
hjorth_complexity_TPP8h,0.009416287661805986
hjorth_complexity_TTP8h,0.009411856982108252
hjorth_mobility_TP8,0.009405372216921958
spectral_entropy_C5,0.009356492163410998
hjorth_mobility_TTP8h,0.009319848374639832
hjorth_mobility_F10,0.009273478994810376
alpha_theta_ratio_CPP3h,0.009215897715928748
hjorth_mobility_F7,0.009165495558793351
alpha_theta_ratio_P8,0.00913075730891468
hjorth_mobility_CPz,0.009101507362573279
hjorth_complexity_CPP3h,0.009025535378083852
hjorth_mobility_AF4,0.008958978799710691
spectral_entropy_CCP5h,0.00892257391818843
hjorth_mobility_FT8,0.008854401292126078
alpha_theta_ratio_P2,0.008794683446517765
spectral_entropy_CCP1h,0.008761358603474292
alpha_theta_ratio_TPP8h,0.00872884197483652
hjorth_mobility_P10,0.008711620469689358
alpha_theta_ratio_TTP8h,0.008707212997408193
alpha_theta_ratio_POO2,0.00862332071291407
alpha_theta_ratio_CP4,0.008614578026293708
spectral_entropy_CP3,0.008563893944690534
spectral_entropy_P9,0.008555625383908558
alpha_theta_ratio_CP3,0.008535220741088938
hjorth_complexity_FCC6h,0.008489738873125182
hjorth_mobility_PO10,0.008461326485777894
hjorth_mobility_POz,0.008460523738991112
spectral_entropy_F5,0.008299120933285867
alpha_theta_ratio_CCP3h,0.008279533713288609
alpha_theta_ratio_FFT8h,0.00824282158553383
spectral_entropy_TP10,0.008179877972234063
spectral_entropy_PO9,0.008177754121104287
alpha_theta_ratio_T7,0.00817509571060108
hjorth_mobility_PPO5h,0.00812039645618816
hjorth_complexity_FC6,0.008111306022166361
hjorth_mobility_FT9,0.008079488999537575
hjorth_complexity_FFT10h,0.008061183166920049
spectral_entropy_POO9h,0.008048433234923463
spectral_entropy_CP6,0.00804279719964029
alpha_theta_ratio_Pz,0.008040930114385565
hjorth_mobility_AFF5h,0.00803958914229845
hjorth_mobility_TPP8h,0.008021241941795184
alpha_theta_ratio_PPO10h,0.00800532833175455
hjorth_mobility_Cz,0.00799062892804991
hjorth_mobility_FT10,0.007918755101169095
hjorth_complexity_FC4,0.007909432934177434
hjorth_mobility_FC4,0.007905966919552093
hjorth_complexity_FC3,0.007849350749292978
hjorth_complexity_FT10,0.007840969610823171
hjorth_complexity_CP4,0.00783427874614522
hjorth_complexity_TPP7h,0.00779511205114574
hjorth_mobility_FCC6h,0.007787000273089081
alpha_theta_ratio_PO3,0.007786828427559558
hjorth_complexity_C6,0.007773905370823487
hjorth_mobility_C2,0.0077398502028431975
hjorth_complexity_F10,0.007729843484978183
alpha_theta_ratio_P1,0.007686617491259913
hjorth_mobility_CP5,0.00758106289212048
hjorth_mobility_FC2,0.007574549901497683
alpha_theta_ratio_C4,0.00751086752526352
spectral_entropy_TTP7h,0.007424988855715862
hjorth_mobility_C1,0.0073840048399594635
hjorth_complexity_C1,0.0073761970128550635
alpha_theta_ratio_CPP2h,0.007341587709763557
hjorth_complexity_C2,0.007330852680252498
hjorth_complexity_PO7,0.0073191799936223895
alpha_theta_ratio_O1,0.007232155555699242
alpha_theta_ratio_POO1,0.007207210846603666
hjorth_mobility_P6,0.0070729754225922
spectral_entropy_TPP10h,0.006979696713944612
hjorth_complexity_F5,0.006948471773231418
hjorth_mobility_PPO10h,0.006947263429109843
hjorth_mobility_TPP7h,0.006929751461096955
spectral_entropy_PO4,0.006902049208667502
hjorth_mobility_OI2h,0.006895376400283079
alpha_theta_ratio_PPO2h,0.006875131447663768
spectral_entropy_FC4,0.006828160224578661
hjorth_mobility_TPP10h,0.00678908108517952
alpha_theta_ratio_FT9,0.0067795858985847295
alpha_theta_ratio_F8,0.00676723787166051
alpha_theta_ratio_POz,0.006734395339320733
hjorth_mobility_CPP1h,0.006698999215536288
hjorth_mobility_TPP9h,0.006696921436726912
hjorth_complexity_POO1,0.006696769754871199
hjorth_complexity_Fz,0.006692862118192591
spectral_entropy_Oz,0.0066700413438539365
hjorth_complexity_OI1h,0.006649691080728606
hjorth_complexity_TPP9h,0.00664713243935065
hjorth_complexity_P3,0.006601506019652512
alpha_theta_ratio_FTT10h,0.006589812561330899
alpha_theta_ratio_F9,0.006571453529586981
alpha_theta_ratio_F10,0.006541864523538893
spectral_entropy_PO8,0.0065028490051542345
spectral_entropy_FCC4h,0.006486160743711484
spectral_entropy_FFC4h,0.006473020383059806
alpha_theta_ratio_F7,0.006460566966554697
spectral_entropy_FC3,0.006454750123849558
alpha_theta_ratio_CPP1h,0.006415144011433344
alpha_theta_ratio_FFT10h,0.0063401766708690984
hjorth_complexity_FFC1h,0.006297561355614309
hjorth_mobility_FCC1h,0.006262212830394423
hjorth_mobility_FFC3h,0.006195199671116806
alpha_theta_ratio_CP5,0.0061383472669804505
hjorth_complexity_CCP3h,0.006136520082180816
spectral_entropy_POO1,0.00611933892139716
spectral_entropy_AFF2h,0.006075421049477117
spectral_entropy_AFF5h,0.006071672578607953
alpha_theta_ratio_CCP4h,0.006058098695779593
hjorth_complexity_F3,0.006050329288926044
hjorth_complexity_Oz,0.00602733118623652
spectral_entropy_F10,0.00593688883192038
hjorth_complexity_CP1,0.0059154855804564544
hjorth_mobility_Fz,0.005910408414110597
hjorth_complexity_TTP7h,0.005892923612247059
hjorth_mobility_F4,0.005880970000587653
alpha_theta_ratio_P9,0.0058330978495173755
hjorth_complexity_PO4,0.005673890604030517
spectral_entropy_FFC5h,0.005655928334531066
hjorth_mobility_AFp2,0.00563614421335429
spectral_entropy_CCP6h,0.005611438249358363
alpha_theta_ratio_CPP6h,0.00559350473671436
spectral_entropy_FCC2h,0.005484932380934522
spectral_entropy_P1,0.0054801308669825514
spectral_entropy_FT8,0.005471230828350055
hjorth_mobility_P4,0.005439118625565268
spectral_entropy_FCC3h,0.005437675780750773
alpha_theta_ratio_CP1,0.005433550506596404
hjorth_mobility_FC6,0.005404372006334638
spectral_entropy_FT7,0.005402383464304579
alpha_theta_ratio_O10,0.005308928845110934
alpha_theta_ratio_FFC4h,0.005291219698650267
alpha_theta_ratio_F4,0.005211764884259161
hjorth_complexity_CPz,0.00516575664661469
alpha_theta_ratio_FC4,0.005152279858535723
hjorth_mobility_P7,0.005136308551664983
alpha_theta_ratio_P6,0.005072173025302192
spectral_entropy_TP8,0.004968536090054486
hjorth_complexity_FCC3h,0.004962617014476221
hjorth_mobility_CPP5h,0.004956368760763275
spectral_entropy_TPP7h,0.004940570325265516
alpha_theta_ratio_FC2,0.004938724637720092
hjorth_mobility_PO7,0.004921527358582599
hjorth_mobility_C4,0.004896685739047952
hjorth_mobility_AFF2h,0.004886072726402733
spectral_entropy_CPz,0.004852015528798907
hjorth_mobility_FFC6h,0.004825342827594554
spectral_entropy_FTT10h,0.004778541908691072
hjorth_mobility_CP6,0.00475995486823238
spectral_entropy_Fp1,0.004755966236232785
alpha_theta_ratio_FT8,0.004740807198017846
spectral_entropy_FC6,0.0046694926100324914
spectral_entropy_PPO6h,0.004632395713268118
hjorth_complexity_AF4,0.00463118015200625
hjorth_mobility_Fp1,0.004606058447397458
hjorth_complexity_CPP1h,0.004583787116251426
spectral_entropy_P5,0.004577710369848642
alpha_theta_ratio_FFC6h,0.004566981786120836
hjorth_complexity_P5,0.004531627893127857
spectral_entropy_CCP4h,0.004487818030793567
alpha_theta_ratio_CCP1h,0.004395631993385427
hjorth_complexity_FFT9h,0.00436768622685242
alpha_theta_ratio_P4,0.00434752729499735
alpha_theta_ratio_TP7,0.00432214794951334
alpha_theta_ratio_PO9,0.004317977709341092
spectral_entropy_FC1,0.004303669970359993
alpha_theta_ratio_F2,0.00430186888495886
hjorth_mobility_Oz,0.004298422786868034
spectral_entropy_CP1,0.00422244147484985
spectral_entropy_AFF1h,0.004212686646485503
hjorth_mobility_CCP4h,0.00421158027744824
alpha_theta_ratio_O2,0.004210082778925743
alpha_theta_ratio_F6,0.004152272494501283
spectral_entropy_F1,0.004138993932903373
hjorth_mobility_CP3,0.0041051061066621625
hjorth_mobility_PO8,0.004102301064550275
alpha_theta_ratio_C3,0.004076762787853661
alpha_theta_ratio_FC5,0.004073526029890067
hjorth_mobility_FFC5h,0.004052330006445467
hjorth_mobility_POO1,0.004029947320703464
alpha_theta_ratio_OI2h,0.003986528126125652
hjorth_complexity_CCP2h,0.003965157159594846
alpha_theta_ratio_PPO6h,0.003910206840226516
hjorth_complexity_F6,0.0038919781462791445
alpha_theta_ratio_AFF5h,0.003873223998046991
hjorth_complexity_CPP5h,0.0038674231587632244
alpha_theta_ratio_POO9h,0.0037674903869704844
hjorth_mobility_Fp2,0.003694755873310055
spectral_entropy_TPP8h,0.0036843537667839025
hjorth_mobility_F5,0.003621191986547909
alpha_theta_ratio_PPO1h,0.0035923553419863687
alpha_theta_ratio_F1,0.003582982279071361
hjorth_mobility_CPP2h,0.0035565222410056463
alpha_theta_ratio_C1,0.0034810396480181435
hjorth_mobility_FFT8h,0.0034710726027385066
hjorth_complexity_AFF2h,0.003410448667890389
alpha_theta_ratio_FCC6h,0.0034016509656057993
alpha_theta_ratio_AFF6h,0.0033367634202883345
spectral_entropy_P2,0.0033350545623466433
alpha_theta_ratio_CPP4h,0.0033316454963920614
alpha_theta_ratio_PO8,0.0033272300660226995
alpha_theta_ratio_FCC4h,0.0032974556796902033
hjorth_complexity_F8,0.0032606397148652235
hjorth_complexity_CP3,0.003249788583806592
alpha_theta_ratio_FFT7h,0.0032005525524009633
hjorth_mobility_P1,0.0031909851942548352
spectral_entropy_PO10,0.003123338758994284
hjorth_mobility_FCC4h,0.0031227326657087976
hjorth_mobility_CCP6h,0.003112183419473161
hjorth_complexity_PO3,0.0030877946730838916
spectral_entropy_FCC6h,0.0030828709842794146
spectral_entropy_TTP8h,0.00307468247398856
alpha_theta_ratio_C2,0.0030448529733026488
hjorth_mobility_AF8,0.0030393317329596554
alpha_theta_ratio_F5,0.0030049098785607763
spectral_entropy_Fz,0.0029506071510084645
spectral_entropy_C2,0.0029194998147912534
hjorth_complexity_POO2,0.002883418664625901
alpha_theta_ratio_P10,0.0028825436980522393
alpha_theta_ratio_FFC3h,0.002880545094610475
hjorth_mobility_FFC1h,0.0028688457907921953
alpha_theta_ratio_F3,0.0028639472639588296
hjorth_complexity_AFF1h,0.002798661518656047
alpha_theta_ratio_AF7,0.002797469579437619
spectral_entropy_FFT8h,0.00279397949606797
hjorth_mobility_AFF1h,0.0027772683926317304
hjorth_mobility_PPO6h,0.002755742070297723
alpha_theta_ratio_FFC2h,0.002713144214221344
hjorth_complexity_P2,0.002671626290244666
spectral_entropy_CPP2h,0.002670106188727405
alpha_theta_ratio_FFT9h,0.002668144212432491
hjorth_mobility_FT7,0.002636670285416371
spectral_entropy_P6,0.0026332344798757866
hjorth_mobility_F2,0.002602456062808268
hjorth_mobility_CP2,0.002566933515778282
spectral_entropy_FFT7h,0.0025598926140784294
spectral_entropy_P3,0.0025424050814057087
alpha_theta_ratio_FTT9h,0.0025420274864425755
alpha_theta_ratio_AF8,0.0024987840799636615
hjorth_complexity_F2,0.0024775916842215695
alpha_theta_ratio_FC6,0.002412464884082261
hjorth_mobility_AFF6h,0.002403643672790136
spectral_entropy_CPP5h,0.0024022188954358425
alpha_theta_ratio_AF4,0.0023835239109645822
alpha_theta_ratio_FC1,0.0023273637046645813
spectral_entropy_CCP3h,0.0023258240754239694
alpha_theta_ratio_FFC5h,0.0023130020600747483
alpha_theta_ratio_POO10h,0.002303412178846294
hjorth_complexity_FC1,0.002301642525574039
spectral_entropy_Cz,0.0022357532449242762
hjorth_mobility_F3,0.0022141965431129573
spectral_entropy_P4,0.0021940653159952636
alpha_theta_ratio_AFF1h,0.0021874603880405554
hjorth_mobility_FFC4h,0.0021784430239125746
hjorth_mobility_AF3,0.0021121322823894075
alpha_theta_ratio_AFF2h,0.002101971205522542
spectral_entropy_C1,0.002101943264802801
alpha_theta_ratio_PO4,0.0020691350842928346
alpha_theta_ratio_P3,0.002053165251953265
alpha_theta_ratio_Fz,0.0020283309008142392
hjorth_mobility_O9,0.0020027564025077633
spectral_entropy_TP9,0.0019905355779989034
alpha_theta_ratio_TP8,0.001982162891729291
hjorth_mobility_PPO2h,0.0019489758604936997
hjorth_mobility_P2,0.0018259754885993707
hjorth_mobility_PPO1h,0.0017924202629421503
hjorth_complexity_FFC2h,0.0017503747191300956
hjorth_complexity_CCP4h,0.0017263130174145541
spectral_entropy_FFC1h,0.0017194615935449953
alpha_theta_ratio_FCC1h,0.0016909969142788468
alpha_theta_ratio_FFC1h,0.0016595651888072478
hjorth_mobility_F8,0.0016552153444863015
hjorth_mobility_FFT9h,0.0015833128574639392
hjorth_mobility_PPO9h,0.0015715690904046817
alpha_theta_ratio_Fp2,0.0015681474923006815
alpha_theta_ratio_FC3,0.001554664596824973
hjorth_mobility_PO4,0.0015287097516242267
alpha_theta_ratio_C5,0.0015126398260332384
alpha_theta_ratio_TTP7h,0.0014614872353294
alpha_coherence_Fz_Pz,0.0014139189301111581
spectral_entropy_FTT9h,0.0014047586898176619
hjorth_complexity_AFF6h,0.00139493078396779
hjorth_mobility_FFC2h,0.0013848243417764268
alpha_theta_ratio_FTT7h,0.001370140796934611
alpha_theta_ratio_PPO9h,0.0013496827603441898
hjorth_complexity_F7,0.0013420798314164595
hjorth_mobility_O2,0.0013208442902937678
hjorth_mobility_P5,0.0013069822572850866
hjorth_complexity_TP10,0.0013068439653827783
spectral_entropy_CP2,0.0012928591190848966
alpha_theta_ratio_CCP2h,0.0012683354183657962
alpha_theta_ratio_CP2,0.0012346080344610333
hjorth_complexity_F9,0.001221752355664228
hjorth_mobility_P9,0.0012206138068370101
alpha_theta_ratio_AF3,0.0011763017836305808
spectral_entropy_F3,0.0011711147737743979
spectral_entropy_AF3,0.0011470288992014468
spectral_entropy_PPO1h,0.0011231022496211438
alpha_theta_ratio_AFz,0.0010765667181222662
spectral_entropy_FC2,0.0010306321847886853
spectral_entropy_C4,0.0010247468850454482
alpha_theta_ratio_FTT8h,0.0010148383230689352
alpha_theta_ratio_PO10,0.001006943363322354
hjorth_mobility_FTT9h,0.0009444423500524809
spectral_entropy_FCC1h,0.0009420103989523045
hjorth_mobility_FFT10h,0.0009126494392755304
hjorth_mobility_P3,0.0008938135222665403
spectral_entropy_PO3,0.0008605357466013205
alpha_theta_ratio_TPP9h,0.0008532483801568102
hjorth_complexity_O2,0.0008523481102967039
alpha_theta_ratio_CCP5h,0.0008467033622906931
spectral_entropy_FFC6h,0.0008428608420908276
hjorth_complexity_FCC2h,0.0007979560498422483
spectral_entropy_P7,0.00077261553440414
alpha_theta_ratio_Cz,0.0007648677298915323
hjorth_mobility_CPP3h,0.000714047166811401
hjorth_mobility_CP1,0.0006753529973952343
alpha_theta_ratio_Fp1,0.0006373986521767598
alpha_theta_ratio_AFp2,0.0006243660876509201
alpha_theta_ratio_FCC2h,0.0005626480030345726
hjorth_mobility_O1,0.0005426649161999458
spectral_entropy_POO2,0.0004798601855158806
hjorth_complexity_CPP4h,0.00047484152584973267
spectral_entropy_FFT10h,0.0004644368849400311
alpha_theta_ratio_T8,0.0004625718567555319
alpha_coherence_F3_F4,0.00043851813023809027
alpha_theta_ratio_FT7,0.00043069733555903185
spectral_entropy_TP7,0.0003803305246668697
hjorth_mobility_FFT7h,0.0003424977532827926
spectral_entropy_TPP9h,0.00033455142706913997
alpha_theta_ratio_AFp1,0.00031715390216089604
alpha_theta_ratio_CPz,0.0003031732598048279
hjorth_complexity_PPO10h,0.00028343854514444305
spectral_entropy_F6,0.0002622416382449701
spectral_entropy_FT9,0.00025357960245296206
spectral_entropy_FFC3h,0.0002429061722377174
hjorth_complexity_CP2,0.00020305670059165995
alpha_theta_ratio_FCC5h,0.00017167477482781408
hjorth_complexity_FCC1h,0.00014508281985591438
hjorth_complexity_FFT8h,0.00011336484997949013
alpha_theta_ratio_FCC3h,5.2974187904886364e-05
hjorth_complexity_FT8,2.5283776835047358e-05
